{"cameraMode":{"drawMode":0,"name":"Shaded","section":"Shading Mode"},"sceneLighting":true,"audioPlay":false,"sceneViewState":{"showFog":false,"showMaterialUpdate":false,"showSkybox":false,"showFlares":false,"showImageEffects":false,"showParticleSystems":false},"in2DMode":false,"pivot":{"x":15.499906539916993,"y":-15.374345779418946,"z":-4.776918411254883},"rotation":{"x":-0.26795265078544619,"y":-0.5711947679519653,"z":0.20450448989868165,"w":-0.7484097480773926},"size":29.11965560913086,"orthographic":false}